<?xml version="1.0" encoding="UTF-8"?>
<configuration debug="false">
    <!-- Applicaiton Name -->
    <property name="APP_NAME" value="chimera-server"/>
    <property name="PROJECT" value="chimera-server"/>
    <property name="ROOT" value="log"/>
    <property name="FILESIZE" value="50MB"/>
    <property name="MAXHISTORY" value="30"/>

    <contextName>${APP_NAME}</contextName>
    <property name="LOG_HOME" value="log" />
    <!-- Multiple Environments Config -->
    <springProfile name="local">
        <property name="LOG_HOME" value="log" />
    </springProfile>
    <springProfile name="dev">
        <property name="LOG_HOME" value="log" />
    </springProfile>

    <!-- Colorful Log -->
    <conversionRule conversionWord="clr" converterClass="org.springframework.boot.logging.logback.ColorConverter"/>
    <conversionRule conversionWord="wex"
                    converterClass="org.springframework.boot.logging.logback.WhitespaceThrowableProxyConverter"/>
    <conversionRule conversionWord="wEx"
                    converterClass="org.springframework.boot.logging.logback.ExtendedWhitespaceThrowableProxyConverter"/>
    <!-- Colorful Log Format -->
    <property name="CONSOLE_LOG_PATTERN"
              value="${CONSOLE_LOG_PATTERN:-%clr(%d{yyyy-MM-dd HH:mm:ss:SSS}){faint} %clr(${LOG_LEVEL_PATTERN:-%5p}) %clr(${PID:- }){magenta} %clr(---){faint} %clr([%15.15t]){faint} %clr(%-40.40logger{39}){cyan} %clr(:){faint} %m%n${LOG_EXCEPTION_CONVERSION_WORD:-%wEx}}"/>
    <!-- Console Output -->
    <appender name="STDOUT" class="ch.qos.logback.core.ConsoleAppender">
        <!-- encoder default setting is PartternLayoutEncoder -->
        <encoder class="ch.qos.logback.classic.encoder.PatternLayoutEncoder">
            <!--<pattern>%d{yyyy-MM-dd HH:mm:ss.SSS} [%thread] %-5level %logger{80} -%msg%n</pattern>-->
            <pattern>${CONSOLE_LOG_PATTERN}</pattern>
            <charset>UTF-8</charset>
        </encoder>
        <target>System.out</target>
    </appender>
    <!-- Generate log files on a daily basis -->
    <appender name="ROLLING_FILE" class="ch.qos.logback.core.rolling.RollingFileAppender">
        <rollingPolicy class="ch.qos.logback.core.rolling.TimeBasedRollingPolicy">
            <!-- The file name of the log file output, saved (rolled over) once a day -->
            <FileNamePattern>${LOG_HOME}/${APP_NAME}-%d{yyyy-MM-dd}.log</FileNamePattern>
            <!-- Number of days to retain log files -->
            <MaxHistory>180</MaxHistory>
        </rollingPolicy>
        <encoder class="ch.qos.logback.classic.encoder.PatternLayoutEncoder">
            <pattern>%d{yyyy-MM-dd HH:mm:ss.SSS} [%thread] %-5level %logger{25} -%msg%n</pattern>
        </encoder>
        <!--Maximum log file size -->
        <triggeringPolicy
                class="ch.qos.logback.core.rolling.SizeBasedTriggeringPolicy">
            <MaxFileSize>20MB</MaxFileSize>
        </triggeringPolicy>
    </appender>
<!--    <appender name="USER_LAKE_LOG" class="ch.qos.logback.core.rolling.RollingFileAppender">-->
<!--        <encoder>-->
<!--            <pattern>%msg%n</pattern>-->
<!--        </encoder>-->
<!--        <filter class="ch.qos.logback.classic.filter.LevelFilter">-->
<!--            &lt;!&ndash;过滤器,只打INFO级别的日志&ndash;&gt;-->
<!--            <level>INFO</level>-->
<!--            <onMatch>ACCEPT</onMatch>-->
<!--            <onMismatch>DENY</onMismatch>-->
<!--        </filter>-->
<!--        <rollingPolicy class="ch.qos.logback.core.rolling.TimeBasedRollingPolicy">-->
<!--            &lt;!&ndash;<fileNamePattern>${ROOT}%d/info/trainError.%i.log</fileNamePattern>&ndash;&gt;-->
<!--            <fileNamePattern>${LAKE_LOG}/user-lake-data-%d{yyyy-MM-dd}-%i.json</fileNamePattern>-->

<!--            <maxHistory>${MAXHISTORY}</maxHistory>-->
<!--            <timeBasedFileNamingAndTriggeringPolicy class="ch.qos.logback.core.rolling.SizeAndTimeBasedFNATP">-->
<!--                <maxFileSize>${FILESIZE}</maxFileSize>-->
<!--            </timeBasedFileNamingAndTriggeringPolicy>-->
<!--        </rollingPolicy>-->
<!--    </appender>-->

    <!-- (Change) Filter, you can specify which packages and which records are recorded to the level -->
    <!-- For example, in the application scenario, you only need the error log output under the com.demo.controller package. Just define name="com.demo.controller" level="ERROR" -->
    <logger name="com.mcp" level="INFO">
        <appender-ref ref="ROLLING_FILE" />
<!--        <appender-ref ref="USER_LAKE_LOG"/>-->
    </logger>
    <!-- Print different business logic logs to specified folders-->
<!--    <logger name="userLake" level="INFO">-->
<!--        <appender-ref ref="USER_LAKE_LOG"/>-->
<!--    </logger>-->
    <!-- Globally, the console will output when it encounters INFO and above levels. -->
    <root level="INFO">
        <appender-ref ref="STDOUT" />
    </root>

</configuration>

